antecedents,consequents,antecedent support,consequent support,support,confidence,lift,representativity,leverage,conviction,zhangs_metric,jaccard,certainty,kulczynski
frozenset({'WOODEN HEART CHRISTMAS SCANDINAVIAN'}),frozenset({'WOODEN STAR CHRISTMAS SCANDINAVIAN'}),0.02797625590854128,0.026327360668352204,0.020226448279652632,0.7229862475442043,27.46140247978967,1.0,0.019489907300198346,3.514889173190132,0.9913186377549139,0.5935483870967742,0.7154960083442987,0.7456267354631251
frozenset({'WOODEN STAR CHRISTMAS SCANDINAVIAN'}),frozenset({'WOODEN HEART CHRISTMAS SCANDINAVIAN'}),0.026327360668352204,0.02797625590854128,0.020226448279652632,0.7682672233820459,27.46140247978967,1.0,0.019489907300198346,4.194588949728006,0.989639859367522,0.5935483870967742,0.7615976173148399,0.7456267354631251
frozenset({'PINK REGENCY TEACUP AND SAUCER'}),"frozenset({'ROSES REGENCY TEACUP AND SAUCER ', 'GREEN REGENCY TEACUP AND SAUCER'})",0.03863911179509728,0.038529185445751346,0.027096845113773773,0.7012802275960172,18.20127312536653,1.0,0.02560811160996135,3.218638012531605,0.9830426844846198,0.5411635565312845,0.6893095787390349,0.702280627350077
"frozenset({'ROSES REGENCY TEACUP AND SAUCER ', 'GREEN REGENCY TEACUP AND SAUCER'})",frozenset({'PINK REGENCY TEACUP AND SAUCER'}),0.038529185445751346,0.03863911179509728,0.027096845113773773,0.703281027104137,18.201273125366527,1.0,0.02560811160996135,3.2399710703444082,0.9829302917921733,0.5411635565312845,0.6913552688315515,0.702280627350077
frozenset({'GREEN REGENCY TEACUP AND SAUCER'}),"frozenset({'PINK REGENCY TEACUP AND SAUCER', 'ROSES REGENCY TEACUP AND SAUCER '})",0.05133560514455315,0.030009893371441134,0.027096845113773773,0.5278372591006425,17.588774893914085,1.0,0.025556269077227328,2.0543554639253383,0.9941825181744892,0.49949341438703154,0.5132293229871424,0.7153838310155227
"frozenset({'PINK REGENCY TEACUP AND SAUCER', 'ROSES REGENCY TEACUP AND SAUCER '})",frozenset({'GREEN REGENCY TEACUP AND SAUCER'}),0.030009893371441134,0.05133560514455315,0.027096845113773773,0.9029304029304029,17.58877489391408,1.0,0.025556269077227328,9.773033199831586,0.9723249242799005,0.49949341438703154,0.8976776217216542,0.7153838310155227
"frozenset({'PINK REGENCY TEACUP AND SAUCER', 'GREEN REGENCY TEACUP AND SAUCER'})",frozenset({'ROSES REGENCY TEACUP AND SAUCER '}),0.031713751786303174,0.05259975816203144,0.027096845113773773,0.8544194107452341,16.243789716926635,1.0,0.025428709439403535,6.507737375482241,0.9691741599858427,0.47358309317963504,0.8463367615651674,0.6847854629483746
frozenset({'ROSES REGENCY TEACUP AND SAUCER '}),"frozenset({'PINK REGENCY TEACUP AND SAUCER', 'GREEN REGENCY TEACUP AND SAUCER'})",0.05259975816203144,0.031713751786303174,0.027096845113773773,0.5151515151515151,16.24378971692663,1.0,0.025428709439403535,1.9970903869407497,0.9905401854423966,0.47358309317963504,0.49927153696240373,0.6847854629483746
frozenset({'GREEN REGENCY TEACUP AND SAUCER'}),frozenset({'PINK REGENCY TEACUP AND SAUCER'}),0.05133560514455315,0.03863911179509728,0.031713751786303174,0.6177730192719486,15.988282094784969,1.0,0.029730189600053813,2.5151570576565243,0.9881831746497145,0.5443396226415095,0.6024105147009223,0.7192705779147794
frozenset({'PINK REGENCY TEACUP AND SAUCER'}),frozenset({'GREEN REGENCY TEACUP AND SAUCER'}),0.03863911179509728,0.05133560514455315,0.031713751786303174,0.8207681365576102,15.988282094784967,1.0,0.029730189600053813,5.292944996693483,0.9751324449404878,0.5443396226415095,0.8110692628348296,0.7192705779147794
frozenset({'DOLLY GIRL LUNCH BOX'}),frozenset({'SPACEBOY LUNCH BOX '}),0.03841925909640541,0.038529185445751346,0.02341431241068484,0.6094420600858369,15.817673097292035,1.0,0.021934049652271068,2.4617879097927466,0.9742079225855275,0.43737166324435317,0.5937911645344833,0.6085726705564705
frozenset({'SPACEBOY LUNCH BOX '}),frozenset({'DOLLY GIRL LUNCH BOX'}),0.038529185445751346,0.03841925909640541,0.02341431241068484,0.6077032810271041,15.817673097292035,1.0,0.021934049652271068,2.4511567249942536,0.9743193051868636,0.43737166324435317,0.592029350957824,0.6085726705564705
frozenset({'STRAWBERRY CHARLOTTE BAG'}),frozenset({'WOODLAND CHARLOTTE BAG'}),0.03699021655490821,0.0375398483016379,0.020556227327690448,0.5557206537890045,14.803486932704462,1.0,0.01916762020957446,2.1663400738896246,0.9682646675784322,0.38085539714867617,0.5383919579142908,0.5516524205987482
frozenset({'WOODLAND CHARLOTTE BAG'}),frozenset({'STRAWBERRY CHARLOTTE BAG'}),0.0375398483016379,0.03699021655490821,0.020556227327690448,0.5475841874084919,14.80348693270446,1.0,0.01916762020957446,2.128594440430413,0.9688176141078014,0.38085539714867617,0.5302064211922893,0.5516524205987482
frozenset({'ROSES REGENCY TEACUP AND SAUCER '}),frozenset({'PINK REGENCY TEACUP AND SAUCER'}),0.05259975816203144,0.03863911179509728,0.030009893371441134,0.5705329153605015,14.765684014322852,1.0,0.02797748543542332,2.238497250637693,0.9840354285153263,0.4901256732495512,0.5532717318660434,0.6736021618054286
frozenset({'PINK REGENCY TEACUP AND SAUCER'}),frozenset({'ROSES REGENCY TEACUP AND SAUCER '}),0.03863911179509728,0.05259975816203144,0.030009893371441134,0.7766714082503556,14.765684014322852,1.0,0.02797748543542332,4.242180700713962,0.9697455080509222,0.4901256732495512,0.7642721820332408,0.6736021618054286
frozenset({'GARDENERS KNEELING PAD KEEP CALM '}),frozenset({'GARDENERS KNEELING PAD CUP OF TEA '}),0.04935693085632626,0.04122238100472683,0.029735077498076287,0.6024498886414253,14.61463103192279,1.0,0.027700467289092846,2.411715131254216,0.9799423669806658,0.4887082204155375,0.5853573305401337,0.6618916109873794
frozenset({'GARDENERS KNEELING PAD CUP OF TEA '}),frozenset({'GARDENERS KNEELING PAD KEEP CALM '}),0.04122238100472683,0.04935693085632626,0.029735077498076287,0.7213333333333333,14.61463103192279,1.0,0.027700467289092846,3.411398573482082,0.971628249214492,0.4887082204155375,0.7068650940487202,0.6618916109873794
frozenset({'RED RETROSPOT CHARLOTTE BAG'}),frozenset({'CHARLOTTE BAG PINK POLKADOT'}),0.04974167307903705,0.03704517972958118,0.026327360668352204,0.5292817679558011,14.287466596717872,1.0,0.024484671449089206,2.045713878743495,0.9786902770789252,0.4354545454545454,0.5111730871111784,0.6199821302687017
frozenset({'CHARLOTTE BAG PINK POLKADOT'}),frozenset({'RED RETROSPOT CHARLOTTE BAG'}),0.03704517972958118,0.04974167307903705,0.026327360668352204,0.7106824925816024,14.287466596717872,1.0,0.024484671449089206,3.284482627408867,0.9657863128092201,0.4354545454545454,0.6955380455798297,0.6199821302687017
frozenset({'ROSES REGENCY TEACUP AND SAUCER '}),frozenset({'GREEN REGENCY TEACUP AND SAUCER'}),0.05259975816203144,0.05133560514455315,0.038529185445751346,0.7324973876698014,14.268798149105319,1.0,0.035828945030046314,3.546374319830713,0.9815461001559447,0.5890756302521007,0.7180218697140421,0.7415163597877915
frozenset({'GREEN REGENCY TEACUP AND SAUCER'}),frozenset({'ROSES REGENCY TEACUP AND SAUCER '}),0.05133560514455315,0.05259975816203144,0.038529185445751346,0.7505353319057816,14.268798149105319,1.0,0.035828945030046314,3.7977331582689384,0.980238130265818,0.5890756302521007,0.7366850280613674,0.7415163597877915
frozenset({'JUMBO BAG PEARS'}),frozenset({'JUMBO BAG APPLES'}),0.03011981972078707,0.04864240958557766,0.02044630097834451,0.6788321167883212,13.955561054064088,1.0,0.018981200370842225,2.962181588335816,0.9571738820458259,0.350612629594722,0.662410973068734,0.5495855499195843
frozenset({'JUMBO BAG APPLES'}),frozenset({'JUMBO BAG PEARS'}),0.04864240958557766,0.03011981972078707,0.02044630097834451,0.4203389830508475,13.955561054064086,1.0,0.018981200370842225,1.6731851063296366,0.9758097130152317,0.350612629594722,0.4023374961819743,0.5495855499195843
frozenset({'CHARLOTTE BAG SUKI DESIGN'}),frozenset({'WOODLAND CHARLOTTE BAG'}),0.04419039243706716,0.0375398483016379,0.022699791139936244,0.513681592039801,13.683635264380879,1.0,0.021040890511458896,1.9790740715229749,0.9697747306834937,0.3845437616387337,0.49471320230553023,0.5591834021692417
frozenset({'WOODLAND CHARLOTTE BAG'}),frozenset({'CHARLOTTE BAG SUKI DESIGN'}),0.0375398483016379,0.04419039243706716,0.022699791139936244,0.6046852122986823,13.683635264380879,1.0,0.021040890511458896,2.4178443035758637,0.9630736432291678,0.3845437616387337,0.586408438905246,0.5591834021692417
frozenset({'RED RETROSPOT CHARLOTTE BAG'}),frozenset({'STRAWBERRY CHARLOTTE BAG'}),0.04974167307903705,0.03699021655490821,0.02517313400021985,0.5060773480662983,13.681383760353986,1.0,0.023333178741222822,1.9497177942232844,0.9754273674277584,0.40892857142857136,0.4871052605854821,0.5933061331713364
frozenset({'STRAWBERRY CHARLOTTE BAG'}),frozenset({'RED RETROSPOT CHARLOTTE BAG'}),0.03699021655490821,0.04974167307903705,0.02517313400021985,0.6805349182763745,13.681383760353985,1.0,0.023333178741222822,2.9745295535712004,0.9625114865280814,0.40892857142857136,0.6638123837769887,0.5933061331713364
frozenset({'CHOCOLATE HOT WATER BOTTLE'}),frozenset({'HOT WATER BOTTLE I AM SO POORLY'}),0.04506980323183467,0.034901615917335385,0.020831043201055294,0.4621951219512196,13.242800076819668,1.0,0.01925803423918792,1.7945140021491726,0.9681202585490769,0.3522304832713755,0.44274605893162994,0.5295227578260036
frozenset({'HOT WATER BOTTLE I AM SO POORLY'}),frozenset({'CHOCOLATE HOT WATER BOTTLE'}),0.034901615917335385,0.04506980323183467,0.020831043201055294,0.5968503937007874,13.242800076819666,1.0,0.01925803423918792,2.368674511514785,0.9579202330446872,0.3522304832713755,0.5778229574647247,0.5295227578260036
frozenset({'STRAWBERRY CHARLOTTE BAG'}),frozenset({'CHARLOTTE BAG SUKI DESIGN'}),0.03699021655490821,0.04419039243706716,0.02160052764647686,0.5839524517087668,13.214466301479233,1.0,0.019965915460583367,2.297356663892335,0.9598296656879792,0.3625461254612546,0.5647171309022025,0.5363792109290102
frozenset({'CHARLOTTE BAG SUKI DESIGN'}),frozenset({'STRAWBERRY CHARLOTTE BAG'}),0.04419039243706716,0.03699021655490821,0.02160052764647686,0.48880597014925375,13.214466301479233,1.0,0.019965915460583367,1.883843955936384,0.967060124929217,0.3625461254612546,0.4691704709146466,0.5363792109290102
frozenset({'CHARLOTTE BAG PINK POLKADOT'}),frozenset({'CHARLOTTE BAG SUKI DESIGN'}),0.03704517972958118,0.04419039243706716,0.021105859074420138,0.56973293768546,12.892687895832411,1.0,0.01946881804426826,2.221433363784196,0.9579230878995435,0.35100548446069474,0.5498401994392903,0.5236724389919837
frozenset({'CHARLOTTE BAG SUKI DESIGN'}),frozenset({'CHARLOTTE BAG PINK POLKADOT'}),0.04419039243706716,0.03704517972958118,0.021105859074420138,0.47761194029850745,12.892687895832411,1.0,0.01946881804426826,1.8433706559462304,0.9650841000575043,0.35100548446069474,0.45751550466843866,0.5236724389919837
frozenset({'WOODLAND CHARLOTTE BAG'}),frozenset({'RED RETROSPOT CHARLOTTE BAG'}),0.0375398483016379,0.04974167307903705,0.023689128284049687,0.6310395314787701,12.686335067099163,1.0,0.02182183342239297,2.575501735265943,0.9571045896109585,0.37251512532411407,0.6117261400731531,0.553641312700711
frozenset({'RED RETROSPOT CHARLOTTE BAG'}),frozenset({'WOODLAND CHARLOTTE BAG'}),0.04974167307903705,0.0375398483016379,0.023689128284049687,0.4762430939226519,12.686335067099163,1.0,0.02182183342239297,1.8376085174831593,0.9693943240602403,0.37251512532411407,0.4558144509638929,0.553641312700711
frozenset({'ALARM CLOCK BAKELIKE RED '}),frozenset({'ALARM CLOCK BAKELIKE GREEN'}),0.05111575244586127,0.04814774101352094,0.03094426734088161,0.6053763440860215,12.573307310845976,1.0,0.02848315933040703,2.4120506835352193,0.9700513352768911,0.4529364440868866,0.585415013529338,0.624035204006481
frozenset({'ALARM CLOCK BAKELIKE GREEN'}),frozenset({'ALARM CLOCK BAKELIKE RED '}),0.04814774101352094,0.05111575244586127,0.03094426734088161,0.6426940639269406,12.573307310845976,1.0,0.02848315933040703,2.655663261525321,0.9670265765227074,0.4529364440868866,0.6234462348868604,0.624035204006481
frozenset({'RED RETROSPOT CHARLOTTE BAG'}),frozenset({'CHARLOTTE BAG SUKI DESIGN'}),0.04974167307903705,0.04419039243706716,0.026107507969660326,0.5248618784530387,11.877284846485804,1.0,0.02390940391582138,2.011645801963847,0.9637439077478531,0.38492706645056723,0.5028945955477047,0.5578289491767681
frozenset({'CHARLOTTE BAG SUKI DESIGN'}),frozenset({'RED RETROSPOT CHARLOTTE BAG'}),0.04419039243706716,0.04974167307903705,0.026107507969660326,0.5907960199004976,11.877284846485804,1.0,0.02390940391582138,2.3222118384329917,0.9581465452014164,0.38492706645056723,0.5693760649007839,0.5578289491767681
frozenset({'ALARM CLOCK BAKELIKE PINK'}),frozenset({'ALARM CLOCK BAKELIKE RED '}),0.036055842585467734,0.05111575244586127,0.02160052764647686,0.5990853658536586,11.720171125098348,1.0,0.019757506122651147,2.3667987315418824,0.9488900437784388,0.3294216261525565,0.5774883657519384,0.5108330055074745
frozenset({'ALARM CLOCK BAKELIKE RED '}),frozenset({'ALARM CLOCK BAKELIKE PINK'}),0.05111575244586127,0.036055842585467734,0.02160052764647686,0.4225806451612903,11.720171125098348,1.0,0.019757506122651147,1.6694004960810336,0.9639500456317343,0.3294216261525565,0.40098256688701767,0.5108330055074745
frozenset({'PAPER CHAIN KIT VINTAGE CHRISTMAS'}),"frozenset({""PAPER CHAIN KIT 50'S CHRISTMAS ""})",0.04397053973837529,0.06183357150709025,0.02957018797405738,0.6725,10.875968888888888,1.0,0.0268513324609392,2.864630316008885,0.9498181871029321,0.38788752703677,0.6509148163337044,0.5753611111111111
"frozenset({""PAPER CHAIN KIT 50'S CHRISTMAS ""})",frozenset({'PAPER CHAIN KIT VINTAGE CHRISTMAS'}),0.06183357150709025,0.04397053973837529,0.02957018797405738,0.4782222222222222,10.875968888888888,1.0,0.0268513324609392,1.8322540763106094,0.9679030726151737,0.38788752703677,0.45422416414344663,0.5753611111111111
frozenset({'WOODEN FRAME ANTIQUE WHITE '}),frozenset({'WOODEN PICTURE FRAME WHITE FINISH'}),0.0517753105419369,0.05914037594811476,0.02902055622732769,0.5605095541401274,9.477612293703976,1.0,0.025958544897047152,2.1407965358861736,0.9433293636574416,0.35436241610738256,0.5328841469812757,0.5256079369213649
frozenset({'WOODEN PICTURE FRAME WHITE FINISH'}),frozenset({'WOODEN FRAME ANTIQUE WHITE '}),0.05914037594811476,0.0517753105419369,0.02902055622732769,0.49070631970260226,9.477612293703976,1.0,0.025958544897047152,1.861842638424956,0.9507137622279578,0.35436241610738256,0.4628976803077409,0.5256079369213649
frozenset({'JUMBO STORAGE BAG SUKI'}),"frozenset({'JUMBO BAG RED RETROSPOT', 'JUMBO SHOPPER VINTAGE RED PAISLEY'})",0.06210838738045509,0.0361108057601407,0.021105859074420138,0.3398230088495575,9.41056289651271,1.0,0.01886307516164895,1.4600466347064893,0.9529208054969527,0.2736992159657876,0.31509037024627073,0.4621489473471532
"frozenset({'JUMBO BAG RED RETROSPOT', 'JUMBO SHOPPER VINTAGE RED PAISLEY'})",frozenset({'JUMBO STORAGE BAG SUKI'}),0.0361108057601407,0.06210838738045509,0.021105859074420138,0.5844748858447489,9.41056289651271,1.0,0.01886307516164895,2.2571237710294545,0.9272190582767863,0.2736992159657876,0.5569582790119176,0.4621489473471532
frozenset({'JUMBO STORAGE BAG SUKI'}),frozenset({'JUMBO BAG WOODLAND ANIMALS'}),0.06210838738045509,0.040397933384632295,0.02335934923601187,0.3761061946902655,9.310035518632233,1.0,0.02085029873998931,1.5380855819508732,0.9516974159565373,0.2951388888888889,0.3498411195483528,0.47716874360363615
frozenset({'JUMBO BAG WOODLAND ANIMALS'}),frozenset({'JUMBO STORAGE BAG SUKI'}),0.040397933384632295,0.06210838738045509,0.02335934923601187,0.5782312925170068,9.310035518632231,1.0,0.02085029873998931,2.223710758952792,0.9301658002109143,0.2951388888888889,0.550301226913644,0.47716874360363615
frozenset({'JUMBO BAG PINK POLKADOT'}),"frozenset({'JUMBO STORAGE BAG SUKI', 'JUMBO BAG RED RETROSPOT'})",0.0637023194459712,0.03836429592173244,0.02226008574255249,0.3494391716997412,9.108447406740819,1.0,0.01981619110842652,1.4781641658179205,0.9507786075871391,0.27892561983471076,0.3234851560302407,0.46483419903038636
"frozenset({'JUMBO STORAGE BAG SUKI', 'JUMBO BAG RED RETROSPOT'})",frozenset({'JUMBO BAG PINK POLKADOT'}),0.03836429592173244,0.0637023194459712,0.02226008574255249,0.5802292263610316,9.108447406740819,1.0,0.01981619110842652,2.2304975461662533,0.9257266563927133,0.27892561983471076,0.5516695359209045,0.46483419903038636
frozenset({'JUMBO STORAGE BAG SUKI'}),frozenset({'DOTCOM POSTAGE'}),0.06210838738045509,0.038913927668462134,0.0217104539958228,0.34955752212389385,8.982838358082097,1.0,0.019293572701694944,1.477588111203589,0.9475259188045599,0.27373527373527373,0.3232214089855956,0.4537335633218339
frozenset({'DOTCOM POSTAGE'}),frozenset({'JUMBO STORAGE BAG SUKI'}),0.038913927668462134,0.06210838738045509,0.0217104539958228,0.557909604519774,8.982838358082097,1.0,0.019293572701694944,2.121492848992453,0.9246587143132227,0.27373527373527373,0.5286338106324876,0.4537335633218339
frozenset({'JUMBO BAG ALPHABET'}),frozenset({'JUMBO BAG APPLES'}),0.046608772122677805,0.04864240958557766,0.020171485104979663,0.43278301886792453,8.897236435348045,1.0,0.017904322121107517,1.6772374982774014,0.9309982340509289,0.2686676427525622,0.4037815151240984,0.42373614220232386
frozenset({'JUMBO BAG APPLES'}),frozenset({'JUMBO BAG ALPHABET'}),0.04864240958557766,0.046608772122677805,0.020171485104979663,0.4146892655367232,8.897236435348045,1.0,0.017904322121107517,1.6288633912575872,0.9329883510224399,0.2686676427525622,0.38607497389456596,0.42373614220232386
"frozenset({'JUMBO STORAGE BAG SUKI', 'JUMBO BAG RED RETROSPOT'})",frozenset({'JUMBO SHOPPER VINTAGE RED PAISLEY'}),0.03836429592173244,0.062273276904474005,0.021105859074420138,0.5501432664756447,8.834339444181712,1.0,0.01871678865124091,2.084500804842921,0.9221842968869074,0.2653766413268832,0.5202688347844722,0.4445332395926326
frozenset({'JUMBO SHOPPER VINTAGE RED PAISLEY'}),"frozenset({'JUMBO STORAGE BAG SUKI', 'JUMBO BAG RED RETROSPOT'})",0.062273276904474005,0.03836429592173244,0.021105859074420138,0.33892321270962045,8.834339444181712,1.0,0.01871678865124091,1.4546505376778065,0.9456969965613582,0.2653766413268832,0.3125496646112731,0.4445332395926326
frozenset({'PACK OF 72 RETROSPOT CAKE CASES'}),frozenset({'60 TEATIME FAIRY CAKE CASES'}),0.06205342420578212,0.04138727052874574,0.022479938441244365,0.3622674933569531,8.753113909875703,1.0,0.019911716586404643,1.5031580160736753,0.9443554308744718,0.27766463000678887,0.33473394725855193,0.4527140919640011
frozenset({'60 TEATIME FAIRY CAKE CASES'}),frozenset({'PACK OF 72 RETROSPOT CAKE CASES'}),0.04138727052874574,0.06205342420578212,0.022479938441244365,0.5431606905710491,8.753113909875703,1.0,0.019911716586404643,2.053121428991413,0.9239966416990345,0.27766463000678887,0.5129367479782987,0.4527140919640011
"frozenset({'JUMBO BAG RED RETROSPOT', 'JUMBO SHOPPER VINTAGE RED PAISLEY'})",frozenset({'JUMBO BAG PINK POLKADOT'}),0.0361108057601407,0.0637023194459712,0.020116521930306695,0.5570776255707763,8.74501321797645,1.0,0.017816179846322795,2.1139091963023953,0.9188287620459599,0.25241379310344825,0.5269427836592137,0.4364335496274934
frozenset({'JUMBO BAG PINK POLKADOT'}),"frozenset({'JUMBO BAG RED RETROSPOT', 'JUMBO SHOPPER VINTAGE RED PAISLEY'})",0.0637023194459712,0.0361108057601407,0.020116521930306695,0.3157894736842105,8.745013217976448,1.0,0.017816179846322795,1.4087611300428713,0.9459054886997359,0.25241379310344825,0.2901564511724084,0.4364335496274934
frozenset({'JUMBO STORAGE BAG SKULLS'}),frozenset({'JUMBO STORAGE BAG SUKI'}),0.03759481147631087,0.06210838738045509,0.020061558755633726,0.5336257309941521,8.591846504166021,1.0,0.01772660564096783,2.011027783798648,0.9181274105599148,0.2518978605935128,0.5027418278075249,0.4283172902758371
frozenset({'JUMBO STORAGE BAG SUKI'}),frozenset({'JUMBO STORAGE BAG SKULLS'}),0.06210838738045509,0.03759481147631087,0.020061558755633726,0.3230088495575221,8.59184650416602,1.0,0.01772660564096783,1.4215919778193054,0.9421244115625943,0.2518978605935128,0.29656327863218485,0.4283172902758371
frozenset({'JUMBO BAG PINK POLKADOT'}),frozenset({'JUMBO BAG WOODLAND ANIMALS'}),0.0637023194459712,0.040397933384632295,0.021820380345168738,0.3425366695427092,8.479064170966057,1.0,0.019246938287743827,1.4595522246813795,0.9420748067210861,0.2651970607882432,0.3148583633461282,0.44133636198223897
frozenset({'JUMBO BAG WOODLAND ANIMALS'}),frozenset({'JUMBO BAG PINK POLKADOT'}),0.040397933384632295,0.0637023194459712,0.021820380345168738,0.5401360544217687,8.479064170966057,1.0,0.019246938287743827,2.0360319384828736,0.919196078383281,0.2651970607882432,0.5088485690724778,0.44133636198223897
frozenset({'LUNCH BAG SPACEBOY DESIGN '}),frozenset({'LUNCH BAG WOODLAND'}),0.05705177531054194,0.0478729251401561,0.023029570187974056,0.4036608863198458,8.431924415273564,1.0,0.020298334819419474,1.596620199845748,0.9347311850095514,0.2812080536912751,0.37367697083087653,0.44235857174775295
frozenset({'LUNCH BAG WOODLAND'}),frozenset({'LUNCH BAG SPACEBOY DESIGN '}),0.0478729251401561,0.05705177531054194,0.023029570187974056,0.4810562571756601,8.431924415273564,1.0,0.020298334819419474,1.8170528843020304,0.9257200375237467,0.2812080536912751,0.44965828532606433,0.44235857174775295
frozenset({'JUMBO STORAGE BAG SUKI'}),"frozenset({'JUMBO BAG PINK POLKADOT', 'JUMBO BAG RED RETROSPOT'})",0.06210838738045509,0.04314609211828075,0.02226008574255249,0.35840707964601776,8.306825996279805,1.0,0.01958035153931751,1.491372297801852,0.9378664490400699,0.26821192052980136,0.32947661595035027,0.43716532326249935
"frozenset({'JUMBO BAG PINK POLKADOT', 'JUMBO BAG RED RETROSPOT'})",frozenset({'JUMBO STORAGE BAG SUKI'}),0.04314609211828075,0.06210838738045509,0.02226008574255249,0.5159235668789809,8.306825996279803,1.0,0.01958035153931751,1.9374866208061652,0.919280434626903,0.26821192052980136,0.48386740364487685,0.43716532326249935
frozenset({'HEART OF WICKER SMALL'}),frozenset({'HEART OF WICKER LARGE'}),0.06397713531933605,0.050291304825766735,0.02654721336704408,0.4149484536082474,8.250898540927272,1.0,0.023329719752820024,1.6232906331612444,0.9388671070051754,0.30263157894736836,0.38396736876835774,0.4714086530336319
frozenset({'HEART OF WICKER LARGE'}),frozenset({'HEART OF WICKER SMALL'}),0.050291304825766735,0.06397713531933605,0.02654721336704408,0.5278688524590164,8.25089854092727,1.0,0.023329719752820024,1.9825484286639063,0.9253375098268498,0.30263157894736836,0.49559870238633846,0.4714086530336319
frozenset({'JUMBO BAG WOODLAND ANIMALS'}),frozenset({'JUMBO SHOPPER VINTAGE RED PAISLEY'}),0.040397933384632295,0.062273276904474005,0.020556227327690448,0.508843537414966,8.171137969751008,1.0,0.018040515635660746,1.9092219985462926,0.914564542811225,0.25033467202141896,0.4762264415759857,0.4194703123968034
frozenset({'JUMBO SHOPPER VINTAGE RED PAISLEY'}),frozenset({'JUMBO BAG WOODLAND ANIMALS'}),0.062273276904474005,0.040397933384632295,0.020556227327690448,0.33009708737864074,8.171137969751006,1.0,0.018040515635660746,1.432449461759172,0.9358995576426458,0.25033467202141896,0.30189509180176355,0.4194703123968034
frozenset({'LUNCH BAG SUKI DESIGN '}),frozenset({'LUNCH BAG APPLE DESIGN'}),0.05617236451577443,0.050291304825766735,0.022974607013301087,0.4090019569471624,8.132657491471774,1.0,0.02014962550665419,1.606957427927262,0.9292363667570552,0.27518104015799866,0.3777059786270428,0.43291627902002927
frozenset({'LUNCH BAG APPLE DESIGN'}),frozenset({'LUNCH BAG SUKI DESIGN '}),0.050291304825766735,0.05617236451577443,0.022974607013301087,0.45683060109289614,8.132657491471774,1.0,0.02014962550665419,1.737630355066532,0.923482081714923,0.27518104015799866,0.4245036079830044,0.43291627902002927
frozenset({'LUNCH BAG PINK POLKADOT'}),frozenset({'LUNCH BAG CARS BLUE'}),0.05529295372100693,0.0585357810267121,0.025832692096295483,0.4671968190854871,7.981388663325214,1.0,0.022596075864962494,1.7670018736700146,0.925904515272902,0.29356652092442226,0.43406964367104633,0.4542556865380487
frozenset({'LUNCH BAG CARS BLUE'}),frozenset({'LUNCH BAG PINK POLKADOT'}),0.0585357810267121,0.05529295372100693,0.025832692096295483,0.44131455399061037,7.981388663325213,1.0,0.022596075864962494,1.6909462256926515,0.9290937479427076,0.29356652092442226,0.408615138195553,0.4542556865380487
frozenset({'LUNCH BAG CARS BLUE'}),frozenset({'LUNCH BAG WOODLAND'}),0.0585357810267121,0.0478729251401561,0.02226008574255249,0.3802816901408451,7.943564948820362,1.0,0.019457806679440134,1.5363868707965664,0.9284600731270123,0.2645329849771391,0.3491222692618216,0.42263223427822966
frozenset({'LUNCH BAG WOODLAND'}),frozenset({'LUNCH BAG CARS BLUE'}),0.0478729251401561,0.0585357810267121,0.02226008574255249,0.4649827784156142,7.943564948820361,1.0,0.019457806679440134,1.7596895594972826,0.9180622636144197,0.2645329849771391,0.4317179444505625,0.42263223427822966
frozenset({'JUMBO BAG PINK VINTAGE PAISLEY'}),frozenset({'JUMBO SHOPPER VINTAGE RED PAISLEY'}),0.044794987358469825,0.062273276904474005,0.022040233043860612,0.4920245398773006,7.901054261718982,1.0,0.01925070239215421,1.846007921069695,0.9143949206906781,0.25921137685843565,0.45829051512382674,0.42297608282479326
frozenset({'JUMBO SHOPPER VINTAGE RED PAISLEY'}),frozenset({'JUMBO BAG PINK VINTAGE PAISLEY'}),0.062273276904474005,0.044794987358469825,0.022040233043860612,0.3539276257722859,7.901054261718982,1.0,0.01925070239215421,1.4784798897853189,0.9314383287429396,0.25921137685843565,0.32362962329828937,0.42297608282479326
frozenset({'PACK OF 60 PINK PAISLEY CAKE CASES'}),frozenset({'PACK OF 72 RETROSPOT CAKE CASES'}),0.042926239419588876,0.06205342420578212,0.020831043201055294,0.48527528809218956,7.820282189149068,1.0,0.01816732305679258,1.8222295415305578,0.9112436391274709,0.24755062050947094,0.45122171646934056,0.4104852968361745
frozenset({'PACK OF 72 RETROSPOT CAKE CASES'}),frozenset({'PACK OF 60 PINK PAISLEY CAKE CASES'}),0.06205342420578212,0.042926239419588876,0.020831043201055294,0.3356953055801595,7.820282189149067,1.0,0.01816732305679258,1.440715034260379,0.9298262811676911,0.24755062050947094,0.3059002118948729,0.4104852968361745
frozenset({'LUNCH BAG  BLACK SKULL.'}),frozenset({'LUNCH BAG PINK POLKADOT'}),0.06683522040233043,0.05529295372100693,0.028690777179289875,0.42927631578947373,7.763671261902271,1.0,0.02499526043065052,1.6552792050075729,0.9335917701023051,0.3070588235294118,0.3958723114657718,0.47408149785497544
frozenset({'LUNCH BAG PINK POLKADOT'}),frozenset({'LUNCH BAG  BLACK SKULL.'}),0.05529295372100693,0.06683522040233043,0.028690777179289875,0.5188866799204771,7.763671261902271,1.0,0.02499526043065052,1.9395945625521807,0.9221853079355908,0.3070588235294118,0.48442833398946644,0.47408149785497544
frozenset({'JAM MAKING SET PRINTED'}),frozenset({'JAM MAKING SET WITH JARS'}),0.055402880070352864,0.05490821149829614,0.023084533362647028,0.4166666666666667,7.588421755088422,1.0,0.020042460306129356,1.6201573517172068,0.9191434888863028,0.26465028355387527,0.3827760007754193,0.41854354354354356
frozenset({'JAM MAKING SET WITH JARS'}),frozenset({'JAM MAKING SET PRINTED'}),0.05490821149829614,0.055402880070352864,0.023084533362647028,0.42042042042042044,7.588421755088422,1.0,0.020042460306129356,1.6297971032983032,0.9186624018610061,0.26465028355387527,0.38642669202427143,0.41854354354354356
frozenset({'JUMBO BAG RED RETROSPOT'}),"frozenset({'JUMBO BAG PINK POLKADOT', 'JUMBO SHOPPER VINTAGE RED PAISLEY'})",0.10651863251621414,0.024953281301527977,0.020116521930306695,0.18885448916408668,7.568322854298223,1.0,0.017458532529275518,1.2020614127465896,0.9713356783270944,0.18065153010858834,0.16809574835689925,0.4975109450225719
"frozenset({'JUMBO BAG PINK POLKADOT', 'JUMBO SHOPPER VINTAGE RED PAISLEY'})",frozenset({'JUMBO BAG RED RETROSPOT'}),0.024953281301527977,0.10651863251621414,0.020116521930306695,0.8061674008810572,7.568322854298222,1.0,0.017458532529275518,4.609551600427712,0.8900807658898109,0.18065153010858834,0.7830591591799922,0.4975109450225719
frozenset({'LUNCH BAG WOODLAND'}),frozenset({'LUNCH BAG PINK POLKADOT'}),0.0478729251401561,0.05529295372100693,0.020006595580960757,0.417910447761194,7.558114002551853,1.0,0.017359560146696876,1.6229582589921163,0.9113193854578141,0.24058162590879048,0.3838412082014873,0.38986973680306225
frozenset({'LUNCH BAG PINK POLKADOT'}),frozenset({'LUNCH BAG WOODLAND'}),0.05529295372100693,0.0478729251401561,0.020006595580960757,0.36182902584493043,7.558114002551853,1.0,0.017359560146696876,1.491962363409662,0.9184771767678447,0.24058162590879048,0.3297418054738015,0.38986973680306225
frozenset({'JUMBO BAG RED RETROSPOT'}),"frozenset({'JUMBO BAG PINK POLKADOT', 'JUMBO STORAGE BAG SUKI'})",0.10651863251621414,0.0277564032098494,0.02226008574255249,0.2089783281733746,7.529013272844312,1.0,0.019303511629070676,1.2290985587601513,0.9705635753864101,0.19872423945044163,0.18639559629071048,0.5054792630965883
"frozenset({'JUMBO BAG PINK POLKADOT', 'JUMBO STORAGE BAG SUKI'})",frozenset({'JUMBO BAG RED RETROSPOT'}),0.0277564032098494,0.10651863251621414,0.02226008574255249,0.801980198019802,7.529013272844312,1.0,0.019303511629070676,4.51208090579312,0.8919374459540664,0.19872423945044163,0.7783727683792002,0.5054792630965883
frozenset({'JUMBO SHOPPER VINTAGE RED PAISLEY'}),"frozenset({'JUMBO BAG PINK POLKADOT', 'JUMBO BAG RED RETROSPOT'})",0.062273276904474005,0.04314609211828075,0.020116521930306695,0.323036187113857,7.487032341846516,1.0,0.017429673388479054,1.4134491233767768,0.9239746611563843,0.23582474226804123,0.292510792598628,0.3946391126652088
"frozenset({'JUMBO BAG PINK POLKADOT', 'JUMBO BAG RED RETROSPOT'})",frozenset({'JUMBO SHOPPER VINTAGE RED PAISLEY'}),0.04314609211828075,0.062273276904474005,0.020116521930306695,0.4662420382165605,7.487032341846515,1.0,0.017429673388479054,1.756838848758921,0.9055047213503975,0.23582474226804123,0.43079582927800847,0.3946391126652088
frozenset({'LUNCH BAG CARS BLUE'}),frozenset({'LUNCH BAG SPACEBOY DESIGN '}),0.0585357810267121,0.05705177531054194,0.024953281301527977,0.4262910798122066,7.472003763105286,1.0,0.021613711074764914,1.6436004243768787,0.9200212535970247,0.27531837477258947,0.39157961681646575,0.4318353279600532
frozenset({'LUNCH BAG SPACEBOY DESIGN '}),frozenset({'LUNCH BAG CARS BLUE'}),0.05705177531054194,0.0585357810267121,0.024953281301527977,0.4373795761078998,7.472003763105286,1.0,0.021613711074764914,1.6733559234490973,0.9185733301972159,0.27531837477258947,0.4023985059085253,0.4318353279600532
frozenset({'LUNCH BAG SUKI DESIGN '}),frozenset({'LUNCH BAG CARS BLUE'}),0.05617236451577443,0.0585357810267121,0.024403649554798287,0.43444227005870845,7.421824095256471,1.0,0.02111555632575026,1.664665106904326,0.9167587398719474,0.2702373706634206,0.3992785720969199,0.42567183925470636
frozenset({'LUNCH BAG CARS BLUE'}),frozenset({'LUNCH BAG SUKI DESIGN '}),0.0585357810267121,0.05617236451577443,0.024403649554798287,0.4169014084507043,7.421824095256471,1.0,0.02111555632575026,1.618641597086474,0.9190601366735408,0.2702373706634206,0.3821980098621077,0.42567183925470636
frozenset({'JUMBO STORAGE BAG SUKI'}),frozenset({'JUMBO  BAG BAROQUE BLACK WHITE'}),0.06210838738045509,0.05001648895240189,0.023029570187974056,0.37079646017699114,7.41348439171448,1.0,0.019923126716708026,1.5098190822556763,0.9223994016069783,0.25848241826033314,0.3376689884552289,0.4156180103082758
frozenset({'JUMBO  BAG BAROQUE BLACK WHITE'}),frozenset({'JUMBO STORAGE BAG SUKI'}),0.05001648895240189,0.06210838738045509,0.023029570187974056,0.4604395604395604,7.41348439171448,1.0,0.019923126716708026,1.7382512576044515,0.9106586084830756,0.25848241826033314,0.4247091750256307,0.4156180103082758
frozenset({'JUMBO SHOPPER VINTAGE RED PAISLEY'}),frozenset({'JUMBO  BAG BAROQUE BLACK WHITE'}),0.062273276904474005,0.05001648895240189,0.022754754314609212,0.36540158870255957,7.305622532806998,1.0,0.019640063648286726,1.4969837524574807,0.9204378038790622,0.2541436464088398,0.33199007780920897,0.4101733218238073
frozenset({'JUMBO  BAG BAROQUE BLACK WHITE'}),frozenset({'JUMBO SHOPPER VINTAGE RED PAISLEY'}),0.05001648895240189,0.062273276904474005,0.022754754314609212,0.45494505494505494,7.305622532806998,1.0,0.019640063648286726,1.7204260443889687,0.9085622177725455,0.2541436464088398,0.4187486272592656,0.4101733218238073
frozenset({'LUNCH BAG  BLACK SKULL.'}),frozenset({'LUNCH BAG SUKI DESIGN '}),0.06683522040233043,0.05617236451577443,0.027426624161811585,0.41036184210526316,7.305404457204656,1.0,0.023672331798879755,1.6006895463721316,0.9249331505513088,0.28694652098907414,0.3752692380190518,0.44931007956535174
frozenset({'LUNCH BAG SUKI DESIGN '}),frozenset({'LUNCH BAG  BLACK SKULL.'}),0.05617236451577443,0.06683522040233043,0.027426624161811585,0.48825831702544026,7.305404457204655,1.0,0.023672331798879755,1.8235074660589254,0.9144837543710762,0.28694652098907414,0.4516063034492202,0.44931007956535174
frozenset({'SET OF 6 SPICE TINS PANTRY DESIGN'}),frozenset({'SET OF 3 CAKE TINS PANTRY DESIGN '}),0.04232164449818621,0.06820929976915467,0.02105089589974717,0.4974025974025974,7.292298837343156,1.0,0.01816416616344679,1.8539504888313976,0.9010008703220191,0.23525798525798522,0.46061126981318096,0.4030123381855856
frozenset({'SET OF 3 CAKE TINS PANTRY DESIGN '}),frozenset({'SET OF 6 SPICE TINS PANTRY DESIGN'}),0.06820929976915467,0.04232164449818621,0.02105089589974717,0.3086220789685737,7.292298837343155,1.0,0.01816416616344679,1.3851734722351408,0.9260331011909905,0.23525798525798522,0.2780687617512758,0.4030123381855856
frozenset({'JUMBO STORAGE BAG SUKI'}),frozenset({'JUMBO SHOPPER VINTAGE RED PAISLEY'}),0.06210838738045509,0.062273276904474005,0.028196108607233154,0.4539823008849558,7.2901623850846295,1.0,0.024328415801799733,1.7173925398670085,0.9199664786804224,0.29314285714285715,0.4177219378876318,0.4533812651821072
frozenset({'JUMBO SHOPPER VINTAGE RED PAISLEY'}),frozenset({'JUMBO STORAGE BAG SUKI'}),0.062273276904474005,0.06210838738045509,0.028196108607233154,0.4527802294792586,7.2901623850846295,1.0,0.024328415801799733,1.713921285641846,0.9201282452495592,0.29314285714285715,0.4165426333301472,0.4533812651821072
frozenset({'LUNCH BAG SPACEBOY DESIGN '}),frozenset({'LUNCH BAG SUKI DESIGN '}),0.05705177531054194,0.05617236451577443,0.02335934923601187,0.40944123314065506,7.28901545573491,1.0,0.02015461611699605,1.5981942669373996,0.9150102176566592,0.2599388379204893,0.37429383856051,0.4126462525781553
frozenset({'LUNCH BAG SUKI DESIGN '}),frozenset({'LUNCH BAG SPACEBOY DESIGN '}),0.05617236451577443,0.05705177531054194,0.02335934923601187,0.4158512720156555,7.28901545573491,1.0,0.02015461611699605,1.614226274091501,0.9141576574724928,0.2599388379204893,0.3805081629198436,0.4126462525781553
frozenset({'LUNCH BAG  BLACK SKULL.'}),frozenset({'LUNCH BAG WOODLAND'}),0.06683522040233043,0.0478729251401561,0.023139496537319997,0.3462171052631579,7.232002311317904,1.0,0.019939899034273397,1.456335249093799,0.9234443120327018,0.2527010804321729,0.3133449179217165,0.4147847868451266
frozenset({'LUNCH BAG WOODLAND'}),frozenset({'LUNCH BAG  BLACK SKULL.'}),0.0478729251401561,0.06683522040233043,0.023139496537319997,0.4833524684270953,7.232002311317904,1.0,0.019939899034273397,1.806192273399045,0.905053254614744,0.2527010804321729,0.44634908767596726,0.4147847868451266
frozenset({'LUNCH BAG PINK POLKADOT'}),frozenset({'LUNCH BAG RED RETROSPOT'}),0.05529295372100693,0.076508739144773,0.030449598768824887,0.5506958250497018,7.1978159776970365,1.0,0.026219204596040362,2.055380992080439,0.9114666516560542,0.3004338394793927,0.5134721962239183,0.4743421653984141
frozenset({'LUNCH BAG RED RETROSPOT'}),frozenset({'LUNCH BAG PINK POLKADOT'}),0.076508739144773,0.05529295372100693,0.030449598768824887,0.3979885057471264,7.197815977697036,1.0,0.026219204596040362,1.569250845370356,0.9324061902549851,0.3004338394793927,0.36275325073092957,0.4743421653984141
frozenset({'LUNCH BAG CARS BLUE'}),frozenset({'LUNCH BAG  BLACK SKULL.'}),0.0585357810267121,0.06683522040233043,0.027646476860503463,0.47230046948356813,7.066640412651348,1.0,0.02373422503416061,1.768363861693093,0.9118668803339691,0.2829021372328459,0.43450552136789017,0.44297589263652093
frozenset({'LUNCH BAG  BLACK SKULL.'}),frozenset({'LUNCH BAG CARS BLUE'}),0.06683522040233043,0.0585357810267121,0.027646476860503463,0.41365131578947373,7.066640412651348,1.0,0.02373422503416061,1.605638836285439,0.9199768991188926,0.2829021372328459,0.3771949348749889,0.44297589263652093
frozenset({'JUMBO BAG RED RETROSPOT'}),"frozenset({'JUMBO STORAGE BAG SUKI', 'JUMBO SHOPPER VINTAGE RED PAISLEY'})",0.10651863251621414,0.028196108607233154,0.021105859074420138,0.1981424148606811,7.027296483382519,1.0,0.018102448143299008,1.2119407603083538,0.9599503644808072,0.1857764876632801,0.17487716169759812,0.47334021327829373
"frozenset({'JUMBO STORAGE BAG SUKI', 'JUMBO SHOPPER VINTAGE RED PAISLEY'})",frozenset({'JUMBO BAG RED RETROSPOT'}),0.028196108607233154,0.10651863251621414,0.021105859074420138,0.7485380116959064,7.027296483382518,1.0,0.018102448143299008,3.5531468334820313,0.8825831754425655,0.1857764876632801,0.7185593371552239,0.47334021327829373
frozenset({'JUMBO  BAG BAROQUE BLACK WHITE'}),frozenset({'JUMBO BAG PINK POLKADOT'}),0.05001648895240189,0.0637023194459712,0.022370012091898428,0.4472527472527473,7.020980572490496,1.0,0.019183845735086632,1.6938983882786605,0.9027206710613328,0.24488567990373045,0.4096458164670668,0.3992087722458732
frozenset({'JUMBO BAG PINK POLKADOT'}),frozenset({'JUMBO  BAG BAROQUE BLACK WHITE'}),0.0637023194459712,0.05001648895240189,0.022370012091898428,0.3511647972389991,7.020980572490495,1.0,0.019183845735086632,1.4641368208831997,0.9159157075799282,0.24488567990373045,0.3170037214167062,0.3992087722458732
frozenset({'JUMBO BAG PINK POLKADOT'}),frozenset({'JUMBO STORAGE BAG SUKI'}),0.0637023194459712,0.06210838738045509,0.0277564032098494,0.4357204486626402,7.015484816785908,1.0,0.023799954876665523,1.6621045550857074,0.9157965400297,0.2830717488789238,0.39835313191327215,0.4413115517649484
frozenset({'JUMBO STORAGE BAG SUKI'}),frozenset({'JUMBO BAG PINK POLKADOT'}),0.06210838738045509,0.0637023194459712,0.0277564032098494,0.44690265486725667,7.015484816785908,1.0,0.023799954876665523,1.6928262064416841,0.9142401581930345,0.2830717488789238,0.4092719050575208,0.4413115517649484
frozenset({'JUMBO BAG PINK POLKADOT'}),frozenset({'JUMBO BAG PINK VINTAGE PAISLEY'}),0.0637023194459712,0.044794987358469825,0.020006595580960757,0.3140638481449526,7.011138224723028,1.0,0.01715305098667327,1.3925567417000422,0.9157021581295135,0.22608695652173913,0.28189640676386835,0.3803448075080591
frozenset({'JUMBO BAG PINK VINTAGE PAISLEY'}),frozenset({'JUMBO BAG PINK POLKADOT'}),0.044794987358469825,0.0637023194459712,0.020006595580960757,0.4466257668711657,7.011138224723027,1.0,0.01715305098667327,1.6919791788282341,0.8975767457124267,0.22608695652173913,0.4089761786001754,0.3803448075080591
frozenset({'LUNCH BAG SPACEBOY DESIGN '}),frozenset({'LUNCH BAG  BLACK SKULL.'}),0.05705177531054194,0.06683522040233043,0.02654721336704408,0.46531791907514447,6.962166299056891,1.0,0.022734145389819774,1.7452703445448303,0.9081798157644356,0.2727272727272727,0.4270228660415349,0.43126093322178277
frozenset({'LUNCH BAG  BLACK SKULL.'}),frozenset({'LUNCH BAG SPACEBOY DESIGN '}),0.06683522040233043,0.05705177531054194,0.02654721336704408,0.3972039473684211,6.962166299056891,1.0,0.022734145389819774,1.5642906428681869,0.9177013145985781,0.2727272727272727,0.36073260774195925,0.43126093322178277
frozenset({'LUNCH BAG PINK POLKADOT'}),frozenset({'LUNCH BAG SUKI DESIGN '}),0.05529295372100693,0.05617236451577443,0.021435638122457953,0.38767395626242546,6.9015068104095585,1.0,0.018329702170887707,1.5413808462615761,0.905152670616948,0.2380952380952381,0.3512310715256562,0.38463932646780763
frozenset({'LUNCH BAG SUKI DESIGN '}),frozenset({'LUNCH BAG PINK POLKADOT'}),0.05617236451577443,0.05529295372100693,0.021435638122457953,0.3816046966731898,6.901506810409558,1.0,0.018329702170887707,1.5276750020524223,0.9059960460379748,0.2380952380952381,0.3454105103137082,0.38463932646780763
frozenset({'LUNCH BAG SPACEBOY DESIGN '}),frozenset({'LUNCH BAG PINK POLKADOT'}),0.05705177531054194,0.05529295372100693,0.021655490821149828,0.3795761078998073,6.864818794362916,1.0,0.018500929649202746,1.5226799907416066,0.9060197672478172,0.23878787878787877,0.3432631898492608,0.3856131036516929
frozenset({'LUNCH BAG PINK POLKADOT'}),frozenset({'LUNCH BAG SPACEBOY DESIGN '}),0.05529295372100693,0.05705177531054194,0.021655490821149828,0.3916500994035785,6.8648187943629155,1.0,0.018500929649202746,1.5500096634601221,0.9043329722424688,0.23878787878787877,0.35484273190421467,0.3856131036516929
frozenset({'LUNCH BAG WOODLAND'}),frozenset({'LUNCH BAG RED RETROSPOT'}),0.0478729251401561,0.076508739144773,0.025063207650873914,0.52353616532721,6.84282829882418,1.0,0.021400510509228466,1.9382190077226569,0.8967937363468707,0.2523519645821804,0.48406243256536474,0.4255611861118809
frozenset({'LUNCH BAG RED RETROSPOT'}),frozenset({'LUNCH BAG WOODLAND'}),0.076508739144773,0.0478729251401561,0.025063207650873914,0.3275862068965517,6.84282829882418,1.0,0.021400510509228466,1.4159838549197679,0.9246017078167386,0.2523519645821804,0.2937772584584576,0.4255611861118809
frozenset({'LUNCH BAG SUKI DESIGN '}),frozenset({'LUNCH BAG RED RETROSPOT'}),0.05617236451577443,0.076508739144773,0.02836099813125206,0.5048923679060665,6.599146366151562,1.0,0.02406332134736957,1.8652333371423755,0.898962074550783,0.27186512118018963,0.46387404723741066,0.43779101153924016
frozenset({'LUNCH BAG RED RETROSPOT'}),frozenset({'LUNCH BAG SUKI DESIGN '}),0.076508739144773,0.05617236451577443,0.02836099813125206,0.37068965517241376,6.599146366151562,1.0,0.02406332134736957,1.4997809002215088,0.9187582873578172,0.27186512118018963,0.3332359414283075,0.43779101153924016
frozenset({'LUNCH BAG  BLACK SKULL.'}),frozenset({'LUNCH BAG RED RETROSPOT'}),0.06683522040233043,0.076508739144773,0.03336264702649225,0.4991776315789474,6.524452463324259,1.0,0.02824916858304694,1.843949709687941,0.9073750447085025,0.30334832583708143,0.45768586054918275,0.467620424984876
frozenset({'LUNCH BAG RED RETROSPOT'}),frozenset({'LUNCH BAG  BLACK SKULL.'}),0.076508739144773,0.06683522040233043,0.03336264702649225,0.43606321839080453,6.524452463324258,1.0,0.02824916858304694,1.6547329594903897,0.9168797469980333,0.30334832583708143,0.3956728822830898,0.467620424984876
frozenset({'LUNCH BAG APPLE DESIGN'}),frozenset({'LUNCH BAG  BLACK SKULL.'}),0.050291304825766735,0.06683522040233043,0.021820380345168738,0.43387978142076505,6.491783505895888,1.0,0.018459149902817835,1.6483509137680845,0.8907564299233078,0.22895040369088818,0.39333306297381315,0.3801800222893299
frozenset({'LUNCH BAG  BLACK SKULL.'}),frozenset({'LUNCH BAG APPLE DESIGN'}),0.06683522040233043,0.050291304825766735,0.021820380345168738,0.32648026315789475,6.491783505895888,1.0,0.018459149902817835,1.4100680993063097,0.9065484952671009,0.22895040369088818,0.2908143936509484,0.3801800222893299
frozenset({'DOTCOM POSTAGE'}),frozenset({'JUMBO BAG RED RETROSPOT'}),0.038913927668462134,0.10651863251621414,0.02665713971639002,0.6850282485875706,6.431064992158029,1.0,0.022512081355310565,2.8367031756884318,0.8786983636983225,0.2244331328088848,0.647478097613328,0.4676431232617936
frozenset({'JUMBO BAG RED RETROSPOT'}),frozenset({'DOTCOM POSTAGE'}),0.10651863251621414,0.038913927668462134,0.02665713971639002,0.2502579979360165,6.431064992158028,1.0,0.022512081355310565,1.2818890627519066,0.9451845218767758,0.2244331328088848,0.21990129328879585,0.4676431232617936
frozenset({'JUMBO BAG PINK POLKADOT'}),frozenset({'JUMBO BAG RED RETROSPOT'}),0.0637023194459712,0.10651863251621414,0.04314609211828075,0.6773080241587576,6.3585873021385115,1.0,0.036360608162784865,2.768836644154299,0.9000688354250055,0.3395328719723183,0.6388374871767,0.5411823918523406
frozenset({'JUMBO BAG RED RETROSPOT'}),frozenset({'JUMBO BAG PINK POLKADOT'}),0.10651863251621414,0.0637023194459712,0.04314609211828075,0.4050567595459236,6.358587302138511,1.0,0.036360608162784865,1.5737596746866502,0.9432008250162999,0.3395328719723183,0.36457896584552585,0.5411823918523406
frozenset({'JUMBO BAG RED RETROSPOT'}),frozenset({'JUMBO BAG SCANDINAVIAN BLUE PAISLEY'}),0.10651863251621414,0.034901615917335385,0.02352423876003078,0.22084623323013416,6.3276793187229305,1.0,0.019806566359910082,1.2386494492398703,0.9423410594046656,0.19953379953379954,0.19266907952554593,0.44743099063081515
frozenset({'JUMBO BAG SCANDINAVIAN BLUE PAISLEY'}),frozenset({'JUMBO BAG RED RETROSPOT'}),0.034901615917335385,0.10651863251621414,0.02352423876003078,0.6740157480314961,6.3276793187229305,1.0,0.019806566359910082,2.7408727939720006,0.8724127946740842,0.19953379953379954,0.6351527140554282,0.44743099063081515
frozenset({'LUNCH BAG RED RETROSPOT'}),frozenset({'LUNCH BAG SPACEBOY DESIGN '}),0.076508739144773,0.05705177531054194,0.027536550511157526,0.3599137931034483,6.308546774300711,1.0,0.023171591116177073,1.4731581692118132,0.9111996219440657,0.25972006220839816,0.3211862643812158,0.42128637632051025
frozenset({'LUNCH BAG SPACEBOY DESIGN '}),frozenset({'LUNCH BAG RED RETROSPOT'}),0.05705177531054194,0.076508739144773,0.027536550511157526,0.48265895953757226,6.30854677430071,1.0,0.023171591116177073,1.7850724930497688,0.8923977645082882,0.25972006220839816,0.4397986614585519,0.42128637632051025
frozenset({'JUMBO SHOPPER VINTAGE RED PAISLEY'}),frozenset({'JUMBO BAG PINK POLKADOT'}),0.062273276904474005,0.0637023194459712,0.024953281301527977,0.4007060900264784,6.290290424453622,1.0,0.02098632912321175,1.5623347158581955,0.8968762515018022,0.2470076169749728,0.3599322924532872,0.39621154371902
frozenset({'JUMBO BAG PINK POLKADOT'}),frozenset({'JUMBO SHOPPER VINTAGE RED PAISLEY'}),0.0637023194459712,0.062273276904474005,0.024953281301527977,0.3917169974115617,6.290290424453621,1.0,0.02098632912321175,1.541596130592503,0.8982451263206483,0.2470076169749728,0.35132167228802264,0.39621154371902
frozenset({'LUNCH BAG CARS BLUE'}),frozenset({'LUNCH BAG RED RETROSPOT'}),0.0585357810267121,0.076508739144773,0.02797625590854128,0.47793427230046953,6.246793211375533,1.0,0.02349775710733301,1.7689176129690953,0.8921399742460455,0.26129363449691995,0.43468254673459955,0.4217975959203497
frozenset({'LUNCH BAG RED RETROSPOT'}),frozenset({'LUNCH BAG CARS BLUE'}),0.076508739144773,0.0585357810267121,0.02797625590854128,0.3656609195402299,6.246793211375533,1.0,0.02349775710733301,1.4841655637721594,0.9095027746018636,0.26129363449691995,0.32622072334140595,0.4217975959203497
frozenset({'LUNCH BAG RED RETROSPOT'}),frozenset({'LUNCH BAG APPLE DESIGN'}),0.076508739144773,0.050291304825766735,0.023689128284049687,0.30962643678160917,6.156659443502292,1.0,0.019841403961884836,1.3756446448309394,0.9069650033376316,0.2297441364605544,0.27306808211149936,0.3903323440738647
frozenset({'LUNCH BAG APPLE DESIGN'}),frozenset({'LUNCH BAG RED RETROSPOT'}),0.050291304825766735,0.076508739144773,0.023689128284049687,0.4710382513661202,6.156659443502292,1.0,0.019841403961884836,1.7458564125672165,0.8819275412974643,0.2297441364605544,0.42721520922242534,0.3903323440738647
frozenset({'JUMBO BAG STRAWBERRY'}),frozenset({'JUMBO BAG RED RETROSPOT'}),0.04353083434099154,0.10651863251621414,0.028415961305925032,0.6527777777777778,6.128296640293544,1.0,0.02377911635963276,2.573226338353303,0.8749079954126087,0.2336195210122006,0.6113828056649169,0.4597738218094255
frozenset({'JUMBO BAG RED RETROSPOT'}),frozenset({'JUMBO BAG STRAWBERRY'}),0.10651863251621414,0.04353083434099154,0.028415961305925032,0.26676986584107326,6.128296640293544,1.0,0.02377911635963276,1.3044597065778736,0.9365864256994472,0.2336195210122006,0.23339908855950392,0.4597738218094255
frozenset({'JUMBO BAG RED RETROSPOT'}),frozenset({'JUMBO BAG WOODLAND ANIMALS'}),0.10651863251621414,0.040397933384632295,0.026052544794987358,0.24458204334365322,6.054320675638676,1.0,0.02174941217437521,1.2702928996588678,0.9343549100468455,0.21555252387448837,0.2127799814762831,0.4447400012636633
frozenset({'JUMBO BAG WOODLAND ANIMALS'}),frozenset({'JUMBO BAG RED RETROSPOT'}),0.040397933384632295,0.10651863251621414,0.026052544794987358,0.6448979591836734,6.054320675638675,1.0,0.02174941217437521,2.516125690040546,0.8699738483144234,0.21555252387448837,0.6025635746424554,0.4447400012636633
frozenset({'JUMBO BAG RED RETROSPOT'}),frozenset({'JUMBO BAG SPACEBOY DESIGN'}),0.10651863251621414,0.034242057821259754,0.021490601297130922,0.20175438596491227,5.892005294134212,1.0,0.017843184123469198,1.209850608883257,0.9292622389592605,0.180184331797235,0.17345167026609834,0.41468136633719127
frozenset({'JUMBO BAG SPACEBOY DESIGN'}),frozenset({'JUMBO BAG RED RETROSPOT'}),0.034242057821259754,0.10651863251621414,0.021490601297130922,0.6276083467094703,5.892005294134211,1.0,0.017843184123469198,2.399305568717235,0.8597169743624005,0.180184331797235,0.5832127374527621,0.41468136633719127
frozenset({'JUMBO  BAG BAROQUE BLACK WHITE'}),frozenset({'JUMBO BAG RED RETROSPOT'}),0.05001648895240189,0.10651863251621414,0.03132900956359239,0.6263736263736264,5.880413703943115,1.0,0.026001321557120212,2.3913766012066033,0.8736403610275398,0.25021949078138717,0.5818308168209743,0.4602456367162249
frozenset({'JUMBO BAG RED RETROSPOT'}),frozenset({'JUMBO  BAG BAROQUE BLACK WHITE'}),0.10651863251621414,0.05001648895240189,0.03132900956359239,0.2941176470588235,5.880413703943114,1.0,0.026001321557120212,1.3458099739840972,0.9288877952755906,0.25021949078138717,0.2569530473610411,0.4602456367162249
frozenset({'JUMBO STORAGE BAG SUKI'}),frozenset({'JUMBO BAG RED RETROSPOT'}),0.06210838738045509,0.10651863251621414,0.03836429592173244,0.6176991150442478,5.798977140926235,1.0,0.03174859543017907,2.337115614020088,0.8823576033325407,0.29451476793248943,0.5721221517664274,0.48893211686164917
frozenset({'JUMBO BAG RED RETROSPOT'}),frozenset({'JUMBO STORAGE BAG SUKI'}),0.10651863251621414,0.06210838738045509,0.03836429592173244,0.36016511867905054,5.798977140926235,1.0,0.03174859543017907,1.4658338268199016,0.9262149448367665,0.29451476793248943,0.3177944309216271,0.48893211686164917
frozenset({'JUMBO BAG RED RETROSPOT'}),frozenset({'JUMBO BAG OWLS'}),0.10651863251621414,0.03391227877322194,0.02033637462899857,0.19091847265221876,5.6297742162633195,1.0,0.016724085068566333,1.1940548493223826,0.9204142503724198,0.16933638443935925,0.16251753379043454,0.39529716177181434
frozenset({'JUMBO BAG OWLS'}),frozenset({'JUMBO BAG RED RETROSPOT'}),0.03391227877322194,0.10651863251621414,0.02033637462899857,0.59967585089141,5.629774216263319,1.0,0.016724085068566333,2.231894751973667,0.8512404877996276,0.16933638443935925,0.55195019876466,0.39529716177181434
frozenset({'JUMBO BAG RED RETROSPOT'}),frozenset({'JUMBO BAG PINK VINTAGE PAISLEY'}),0.10651863251621414,0.044794987358469825,0.026822029240408926,0.2518059855521156,5.621298283601462,1.0,0.02205052844340362,1.2766809065512312,0.9201144898831806,0.21545253863134656,0.21671891945078492,0.4252894958435425
frozenset({'JUMBO BAG PINK VINTAGE PAISLEY'}),frozenset({'JUMBO BAG RED RETROSPOT'}),0.044794987358469825,0.10651863251621414,0.026822029240408926,0.5987730061349693,5.621298283601461,1.0,0.02205052844340362,2.2268725214045424,0.860658331753322,0.21545253863134656,0.5509397190956958,0.4252894958435425
frozenset({'RED HANGING HEART T-LIGHT HOLDER'}),frozenset({'WHITE HANGING HEART T-LIGHT HOLDER'}),0.03869407496977025,0.1190502363416511,0.025722765746949545,0.6647727272727273,5.583968144044321,1.0,0.02111622697677683,2.627917939048634,0.8539590388646994,0.1948376353039134,0.6194706139256302,0.44041960463359353
frozenset({'WHITE HANGING HEART T-LIGHT HOLDER'}),frozenset({'RED HANGING HEART T-LIGHT HOLDER'}),0.1190502363416511,0.03869407496977025,0.025722765746949545,0.21606648199445982,5.583968144044321,1.0,0.02111622697677683,1.2262595015403284,0.9318532312043668,0.1948376353039134,0.18451192529486576,0.44041960463359353
frozenset({'JUMBO BAG RED RETROSPOT'}),frozenset({'JUMBO STORAGE BAG SKULLS'}),0.10651863251621414,0.03759481147631087,0.02226008574255249,0.2089783281733746,5.558701319863125,1.0,0.018255537834390982,1.2166609623998106,0.917872375328084,0.18267929634641408,0.1780783382516492,0.4005417956656347
frozenset({'JUMBO STORAGE BAG SKULLS'}),frozenset({'JUMBO BAG RED RETROSPOT'}),0.03759481147631087,0.10651863251621414,0.02226008574255249,0.5921052631578948,5.558701319863125,1.0,0.018255537834390982,2.190470449315088,0.852137826004188,0.18267929634641408,0.5434770643389972,0.4005417956656347
frozenset({'JUMBO BAG RED RETROSPOT'}),frozenset({'JUMBO SHOPPER VINTAGE RED PAISLEY'}),0.10651863251621414,0.062273276904474005,0.0361108057601407,0.33900928792569657,5.443896720670894,1.0,0.02947754146197259,1.4186685318962757,0.9136262718872471,0.272162386081193,0.2951137087228254,0.45944286108553134
frozenset({'JUMBO SHOPPER VINTAGE RED PAISLEY'}),frozenset({'JUMBO BAG RED RETROSPOT'}),0.062273276904474005,0.10651863251621414,0.0361108057601407,0.5798764342453662,5.443896720670893,1.0,0.02947754146197259,2.126710902014977,0.8705180631732659,0.272162386081193,0.5297903447748642,0.45944286108553134
frozenset({'JUMBO BAG APPLES'}),frozenset({'JUMBO BAG RED RETROSPOT'}),0.04864240958557766,0.10651863251621414,0.027921292733868307,0.5740112994350283,5.388834665593862,1.0,0.022739969782518986,2.097429735339922,0.8560725543081451,0.21943844492440606,0.5232259831398195,0.41806860121390216
frozenset({'JUMBO BAG RED RETROSPOT'}),frozenset({'JUMBO BAG APPLES'}),0.10651863251621414,0.04864240958557766,0.027921292733868307,0.26212590299277605,5.388834665593862,1.0,0.022739969782518986,1.289322384771434,0.9115255808636618,0.21943844492440606,0.22439879132535487,0.41806860121390216
frozenset({'JUMBO BAG RED RETROSPOT'}),frozenset({'RECYCLING BAG RETROSPOT '}),0.10651863251621414,0.03902385401780807,0.02209519621853358,0.20743034055727552,5.315475515632494,1.0,0.0179384286530443,1.2124816216884686,0.9086592137736516,0.1789848619768477,0.17524523084529114,0.3868137618279335
frozenset({'RECYCLING BAG RETROSPOT '}),frozenset({'JUMBO BAG RED RETROSPOT'}),0.03902385401780807,0.10651863251621414,0.02209519621853358,0.5661971830985915,5.315475515632493,1.0,0.0179384286530443,2.0596486068619733,0.8448389487019262,0.1789848619768477,0.5144802872352223,0.3868137618279335
frozenset({'RECIPE BOX PANTRY YELLOW DESIGN'}),frozenset({'SET OF 3 CAKE TINS PANTRY DESIGN '}),0.05677695943717709,0.06820929976915467,0.02039133780367154,0.3591481122942885,5.265383364288707,1.0,0.016518621157439996,1.4539876032303072,0.8588427876095284,0.1949553336836574,0.3122362269263425,0.3290502849948477
frozenset({'SET OF 3 CAKE TINS PANTRY DESIGN '}),frozenset({'RECIPE BOX PANTRY YELLOW DESIGN'}),0.06820929976915467,0.05677695943717709,0.02039133780367154,0.2989524576954069,5.265383364288706,1.0,0.016518621157439996,1.3454480383200726,0.869380114325908,0.1949553336836574,0.25675316212984284,0.3290502849948477
frozenset({'REGENCY CAKESTAND 3 TIER'}),frozenset({'GREEN REGENCY TEACUP AND SAUCER'}),0.09261294932395295,0.05133560514455315,0.024953281301527977,0.26943620178041544,5.2485248984934465,1.0,0.020198939503761018,1.2985373723244744,0.8920892969073337,0.2096997690531178,0.22990279578174266,0.37775878611504715
frozenset({'GREEN REGENCY TEACUP AND SAUCER'}),frozenset({'REGENCY CAKESTAND 3 TIER'}),0.05133560514455315,0.09261294932395295,0.024953281301527977,0.48608137044967886,5.2485248984934465,1.0,0.020198939503761018,1.7656239694404754,0.8532735922736485,0.2096997690531178,0.4336279880042072,0.37775878611504715
frozenset({'REGENCY CAKESTAND 3 TIER'}),frozenset({'ROSES REGENCY TEACUP AND SAUCER '}),0.09261294932395295,0.05259975816203144,0.024953281301527977,0.26943620178041544,5.12238480166445,1.0,0.02008186256441558,1.2968069922802414,0.8869185757174768,0.20749542961608777,0.22887522510836447,0.3719176829173759
frozenset({'ROSES REGENCY TEACUP AND SAUCER '}),frozenset({'REGENCY CAKESTAND 3 TIER'}),0.05259975816203144,0.09261294932395295,0.024953281301527977,0.47439916405433646,5.12238480166445,1.0,0.02008186256441558,1.7263805318031353,0.8494598112502073,0.20749542961608777,0.4207534309046337,0.3719176829173759
frozenset({'SPOTTY BUNTING'}),frozenset({'PARTY BUNTING'}),0.057216664834560844,0.08761130042871276,0.02484335495218204,0.4341978866474544,4.955957559387569,1.0,0.019830528539832366,1.6125579562881325,0.8466660544428619,0.20705451213925793,0.3798672499797461,0.3588806246286206
frozenset({'PARTY BUNTING'}),frozenset({'SPOTTY BUNTING'}),0.08761130042871276,0.057216664834560844,0.02484335495218204,0.2835633626097867,4.955957559387569,1.0,0.019830528539832366,1.3159340072274166,0.8748712549312295,0.20705451213925793,0.24008347340537864,0.3588806246286206
frozenset({'JUMBO BAG RED RETROSPOT'}),frozenset({'JUMBO BAG VINTAGE LEAF'}),0.10651863251621414,0.04484995053314279,0.022205122567879522,0.2084623323013416,4.647994698395354,1.0,0.0174277671686693,1.2067019529770335,0.8784217373509005,0.17191489361702128,0.1712949518869035,0.35178018575851394
frozenset({'JUMBO BAG VINTAGE LEAF'}),frozenset({'JUMBO BAG RED RETROSPOT'}),0.04484995053314279,0.10651863251621414,0.022205122567879522,0.4950980392156863,4.647994698395354,1.0,0.0174277671686693,1.7696135822008963,0.8217069721703439,0.17191489361702128,0.4349048797668674,0.35178018575851394
frozenset({'JUMBO BAG RED RETROSPOT'}),frozenset({'JUMBO BAG ALPHABET'}),0.10651863251621414,0.046608772122677805,0.021820380345168738,0.20485036119711042,4.395103150495551,1.0,0.016855677675401255,1.1990085656237837,0.8645664952696405,0.166178317287568,0.16597760126947,0.3365053692778005
frozenset({'JUMBO BAG ALPHABET'}),frozenset({'JUMBO BAG RED RETROSPOT'}),0.046608772122677805,0.10651863251621414,0.021820380345168738,0.4681603773584906,4.395103150495551,1.0,0.016855677675401255,1.679982704271065,0.8102382651391257,0.166178317287568,0.40475577667694257,0.3365053692778005
frozenset({'JUMBO BAG RED RETROSPOT'}),frozenset({'RED RETROSPOT CHARLOTTE BAG'}),0.10651863251621414,0.04974167307903705,0.021215785423766075,0.19917440660474714,4.004175860515767,1.0,0.015917370428318464,1.1865983489515632,0.8397049411488717,0.15710215710215705,0.15725485301444675,0.31284687181066084
frozenset({'RED RETROSPOT CHARLOTTE BAG'}),frozenset({'JUMBO BAG RED RETROSPOT'}),0.04974167307903705,0.10651863251621414,0.021215785423766075,0.4265193370165745,4.004175860515767,1.0,0.015917370428318464,1.5579973748994722,0.7895334330103569,0.15710215710215705,0.3581503947883586,0.31284687181066084
frozenset({'JUMBO BAG RED RETROSPOT'}),frozenset({'LUNCH BAG RED RETROSPOT'}),0.10651863251621414,0.076508739144773,0.029185445751346597,0.2739938080495356,3.581209298601473,1.0,0.021035839482105634,1.2720156812632766,0.8066924963299079,0.18971061093247588,0.21384616972106002,0.32772966264545744
frozenset({'LUNCH BAG RED RETROSPOT'}),frozenset({'JUMBO BAG RED RETROSPOT'}),0.076508739144773,0.10651863251621414,0.029185445751346597,0.3814655172413793,3.5812092986014727,1.0,0.021035839482105634,1.4445134303570613,0.780478110959349,0.18971061093247588,0.3077253703672278,0.32772966264545744
frozenset({'WHITE HANGING HEART T-LIGHT HOLDER'}),frozenset({'WOODEN PICTURE FRAME WHITE FINISH'}),0.1190502363416511,0.05914037594811476,0.022205122567879522,0.18651892890120036,3.1538340078331224,1.0,0.015164446833922362,1.1565845321772892,0.7752151556558202,0.14235377026074703,0.13538528989534052,0.2809918064580351
frozenset({'WOODEN PICTURE FRAME WHITE FINISH'}),frozenset({'WHITE HANGING HEART T-LIGHT HOLDER'}),0.05914037594811476,0.1190502363416511,0.022205122567879522,0.37546468401486993,3.1538340078331224,1.0,0.015164446833922362,1.410568371571999,0.725852816617098,0.14235377026074703,0.2910659134618508,0.2809918064580351
frozenset({'NATURAL SLATE HEART CHALKBOARD '}),frozenset({'WHITE HANGING HEART T-LIGHT HOLDER'}),0.06700010992634935,0.1190502363416511,0.022534901615917334,0.3363412633305988,2.8252044990936818,1.0,0.014558522694268841,1.3274137971563997,0.6924366536154315,0.13781512605042018,0.2466554120936433,0.26281513766714615
frozenset({'WHITE HANGING HEART T-LIGHT HOLDER'}),frozenset({'NATURAL SLATE HEART CHALKBOARD '}),0.1190502363416511,0.06700010992634935,0.022534901615917334,0.1892890120036934,2.8252044990936818,1.0,0.014558522694268841,1.1508415500566784,0.7333486520540274,0.13781512605042018,0.13107065003800872,0.26281513766714615
frozenset({'LUNCH BAG  BLACK SKULL.'}),frozenset({'JUMBO BAG RED RETROSPOT'}),0.06683522040233043,0.10651863251621414,0.020061558755633726,0.30016447368421056,2.8179527524306125,1.0,0.012942362474457712,1.2767019305056213,0.6913381862426314,0.13087128002868412,0.21673181804936806,0.2442514834881321
frozenset({'JUMBO BAG RED RETROSPOT'}),frozenset({'LUNCH BAG  BLACK SKULL.'}),0.10651863251621414,0.06683522040233043,0.020061558755633726,0.18833849329205365,2.817952752430612,1.0,0.012942362474457712,1.1496969757535178,0.7220435362959766,0.13087128002868412,0.1302055923521984,0.2442514834881321
frozenset({'HEART OF WICKER SMALL'}),frozenset({'WHITE HANGING HEART T-LIGHT HOLDER'}),0.06397713531933605,0.1190502363416511,0.020611190502363416,0.3221649484536082,2.706126072098314,1.0,0.012994697422134665,1.2996521228115565,0.6735605402231355,0.12690355329949238,0.23056333118074293,0.2476475711797127
frozenset({'WHITE HANGING HEART T-LIGHT HOLDER'}),frozenset({'HEART OF WICKER SMALL'}),0.1190502363416511,0.06397713531933605,0.020611190502363416,0.17313019390581716,2.706126072098314,1.0,0.012994697422134665,1.1320075515903507,0.7156685799850262,0.12690355329949238,0.11661366693613842,0.2476475711797127
frozenset({'PARTY BUNTING'}),frozenset({'REGENCY CAKESTAND 3 TIER'}),0.08761130042871276,0.09261294932395295,0.020006595580960757,0.22835633626097868,2.4657063394256653,1.0,0.011892654654150766,1.1759146006322105,0.6515169469085133,0.12487135506003433,0.14959810902733334,0.22219003756669115
frozenset({'REGENCY CAKESTAND 3 TIER'}),frozenset({'PARTY BUNTING'}),0.09261294932395295,0.08761130042871276,0.020006595580960757,0.2160237388724036,2.4657063394256653,1.0,0.011892654654150766,1.163796335183663,0.655108202718597,0.12487135506003433,0.1407431268099103,0.22219003756669115
frozenset({'WHITE HANGING HEART T-LIGHT HOLDER'}),frozenset({'PARTY BUNTING'}),0.1190502363416511,0.08761130042871276,0.020776080026382322,0.17451523545706368,1.9919260940437997,1.0,0.01034593400414467,1.1052762434403849,0.5652687162544912,0.11176818450620933,0.09524880686179618,0.20582725386404
frozenset({'PARTY BUNTING'}),frozenset({'WHITE HANGING HEART T-LIGHT HOLDER'}),0.08761130042871276,0.1190502363416511,0.020776080026382322,0.2371392722710163,1.9919260940437997,1.0,0.01034593400414467,1.15479763426925,0.5457907821763244,0.11176818450620933,0.13404741201016163,0.20582725386404
frozenset({'JUMBO BAG RED RETROSPOT'}),frozenset({'WHITE HANGING HEART T-LIGHT HOLDER'}),0.10651863251621414,0.1190502363416511,0.02412883368143344,0.22652218782249742,1.9027445453566565,1.0,0.011447765305588664,1.1389463922414145,0.5310053382777608,0.11978171896316506,0.12199555061408272,0.21459996741078702
frozenset({'WHITE HANGING HEART T-LIGHT HOLDER'}),frozenset({'JUMBO BAG RED RETROSPOT'}),0.1190502363416511,0.10651863251621414,0.02412883368143344,0.20267774699907662,1.9027445453566563,1.0,0.011447765305588664,1.1206025720728894,0.5385589455355179,0.11978171896316506,0.10762296560661909,0.21459996741078702
